Section Name, Time
Test2 Loop, 3.334e-06
Test2Inner, 7.834e-06
Test2Inner, 9.58e-07
Test2Inner, 8.75e-07
Test2Inner, 8.33e-07
Test2Inner, 8.33e-07
Test2Inner, 7.91e-07
Test2Inner, 8.33e-07
Test2Inner, 7.92e-07
Test2Inner, 7.91e-07
Test2Inner, 8.33e-07
Test2Inner, 8.34e-07
Test2Inner, 8.33e-07
Test2Inner, 7.92e-07
Test2Inner, 8.34e-07
Test2Inner, 8.33e-07
Test2Inner, 7.91e-07
Test2Inner, 7.91e-07
Test2Inner, 8.33e-07
Test2Inner, 8.34e-07
Test2Inner, 8.33e-07
Test2Inner, 8.75e-07
Test2Inner, 7.92e-07
Test2Inner, 8.33e-07
Test2Inner, 7.92e-07
Test2Inner, 8.34e-07
Test2Inner, 8.33e-07
Test2Inner, 8.33e-07
Test2Inner, 7.5e-07
Test2Inner, 7.92e-07
Test2Inner, 7.92e-07
Test2Inner, 7.91e-07
Test2Inner, 7.92e-07
Test2Inner, 8.34e-07
Test2Inner, 8.75e-07
Test2Inner, 7.92e-07
Test2Inner, 7.5e-07
Test2Inner, 7.91e-07
Test2Inner, 7.92e-07
Test2Inner, 7.91e-07
Test2Inner, 7.92e-07
Test2Inner, 7.92e-07
Test2Inner, 7.91e-07
Test2Inner, 7.91e-07
Test2Inner, 7.92e-07
Test2Inner, 7.92e-07
Test2Inner, 7.92e-07
Test2Inner, 7.92e-07
Test2Inner, 7.92e-07
Test2Inner, 7.92e-07
Test2Inner, 8.34e-07
Test2Inner, 8.33e-07
Test2Inner, 7.91e-07
Test2Inner, 8.33e-07
Test2Inner, 7.91e-07
Test2Inner, 7.92e-07
Test2Inner, 7.92e-07
Test2Inner, 7.92e-07
Test2Inner, 7.92e-07
Test2Inner, 7.5e-07
Test2Inner, 7.92e-07
Test2Inner, 7.92e-07
Test2Inner, 7.5e-07
Test2Inner, 7.92e-07
Test2Inner, 7.91e-07
Test2Inner, 8.33e-07
Test2Inner, 8.33e-07
Test2Inner, 7.91e-07
Test2Inner, 8.33e-07
Test2Inner, 8.33e-07
Test2Inner, 8.33e-07
Test2Inner, 8.34e-07
Test2Inner, 7.92e-07
Test2Inner, 8.34e-07
Test2Inner, 7.92e-07
Test2Inner, 7.92e-07
Test2Inner, 8.75e-07
Test2Inner, 8.75e-07
Test2Inner, 8.75e-07
Test2Inner, 8.34e-07
Test2Inner, 8.75e-07
Test2Inner, 8.33e-07
Test2Inner, 8.33e-07
Test2Inner, 8.33e-07
Test2Inner, 8.75e-07
Test2Inner, 8.75e-07
Test2Inner, 8.75e-07
Test2Inner, 8.34e-07
Test2Inner, 8.75e-07
Test2Inner, 8.75e-07
Test2Inner, 8.33e-07
Test2Inner, 8.75e-07
Test2Inner, 8.33e-07
Test2Inner, 8.75e-07
Test2Inner, 8.75e-07
Test2Inner, 8.75e-07
Test2Inner, 8.75e-07
Test2Inner, 8.75e-07
Test2Inner, 8.33e-07
Test2Inner, 8.75e-07
Test2Inner, 8.75e-07
Test2Inner, 8.75e-07
Test2Inner, 8.75e-07
Test2Inner, 8.75e-07
Test2Inner, 8.33e-07
Test2Inner, 8.75e-07
Test2Inner, 8.33e-07
Test2Inner, 8.75e-07
Test2Inner, 8.33e-07
Test2Inner, 8.75e-07
Test2Inner, 8.33e-07
Test2Inner, 8.34e-07
Test2Inner, 8.34e-07
Test2Inner, 8.34e-07
Test2Inner, 8.33e-07
Test2Inner, 8.33e-07
Test2Inner, 8.33e-07
Test2Inner, 8.33e-07
Test2Inner, 8.75e-07
Test2Inner, 8.34e-07
Test2Inner, 8.75e-07
Test2Inner, 8.33e-07
Test2Inner, 7.91e-07
Test2Inner, 8.34e-07
Test2Inner, 8.33e-07
Test2Inner, 8.33e-07
Test2Inner, 8.33e-07
Test2Inner, 8.33e-07
Test2Inner, 8.34e-07
Test2Inner, 8.33e-07
Test2Inner, 8.75e-07
Test2Inner, 8.34e-07
Test2Inner, 7.92e-07
Test2Inner, 7.92e-07
Test2Inner, 8.34e-07
Test2Inner, 7.92e-07
Test2Inner, 7.91e-07
Test2Inner, 8.33e-07
Test2Inner, 7.92e-07
Test2Inner, 7.92e-07
Test2Inner, 7.92e-07
Test2Inner, 8.34e-07
Test2Inner, 8.34e-07
Test2Inner, 8.75e-07
Test2Inner, 8.33e-07
Test2Inner, 8.33e-07
Test2Inner, 8.33e-07
Test2Inner, 8.75e-07
Test2Inner, 8.33e-07
Test2Inner, 8.33e-07
Test2Inner, 8.34e-07
Test2Inner, 8.33e-07
Test2Inner, 8.33e-07
Test2Inner, 8.75e-07
Test2Inner, 8.33e-07
Test2Inner, 8.34e-07
Test2Inner, 8.75e-07
Test2Inner, 8.33e-07
Test2Inner, 8.34e-07
Test2Inner, 8.33e-07
Test2Inner, 8.33e-07
Test2Inner, 8.33e-07
Test2Inner, 7.91e-07
Test2Inner, 7.91e-07
Test2Inner, 7.91e-07
Test2Inner, 7.92e-07
Test2Inner, 7.92e-07
Test2Inner, 8.33e-07
Test2Inner, 8.34e-07
Test2Inner, 8.34e-07
Test2Inner, 8.34e-07
Test2Inner, 7.92e-07
Test2Inner, 7.92e-07
Test2Inner, 8.33e-07
Test2Inner, 8.75e-07
Test2Inner, 8.34e-07
Test2Inner, 7.92e-07
Test2Inner, 8.33e-07
Test2Inner, 7.91e-07
Test2Inner, 8.33e-07
Test2Inner, 8.33e-07
Test2Inner, 8.33e-07
Test2Inner, 7.91e-07
Test2Inner, 7.92e-07
Test2Inner, 7.91e-07
Test2Inner, 7.92e-07
Test2Inner, 7.5e-07
Test2Inner, 7.91e-07
Test2Inner, 8.75e-07
Test2Inner, 7.92e-07
Test2Inner, 8.34e-07
Test2Inner, 8.34e-07
Test2Inner, 7.92e-07
Test2Inner, 7.92e-07
Test2Inner, 7.92e-07
Test2Inner, 7.92e-07
Test2Inner, 7.92e-07
Test2Inner, 7.91e-07
Test2Inner, 7.92e-07
Test2Inner, 8.33e-07
Test2Inner, 7.92e-07
Test2Inner, 7.92e-07
Test2Inner, 7.91e-07
Test2Inner, 7.91e-07
Test2Inner, 8.33e-07
Test2Inner, 8.33e-07
Test2Inner, 8.33e-07
Test2Inner, 8.75e-07
Test2Inner, 7.92e-07
Test2Inner, 7.5e-07
Test2Inner, 7.5e-07
Test2Inner, 7.92e-07
Test2Inner, 7.92e-07
Test2Inner, 7.92e-07
Test2Inner, 8.75e-07
Test2Inner, 7.92e-07
Test2Inner, 8.33e-07
Test2Inner, 8.75e-07
Test2Inner, 7.92e-07
Test2Inner, 8.75e-07
Test2Inner, 8.34e-07
Test2Inner, 8.33e-07
Test2Inner, 8.75e-07
Test2Inner, 8.33e-07
Test2Inner, 7.92e-07
Test2Inner, 8.33e-07
Test2Inner, 8.33e-07
Test2Inner, 8.33e-07
Test2Inner, 8.33e-07
Test2Inner, 8.33e-07
Test2Inner, 8.33e-07
Test2Inner, 8.33e-07
Test2Inner, 8.33e-07
Test2Inner, 8.34e-07
Test2Inner, 8.34e-07
Test2Inner, 8.33e-07
Test2Inner, 7.92e-07
Test2Inner, 7.92e-07
Test2Inner, 7.92e-07
Test2Inner, 8.33e-07
Test2Inner, 7.92e-07
Test2Inner, 7.91e-07
Test2Inner, 8.33e-07
Test2Inner, 8.33e-07
Test2Inner, 8.33e-07
Test2Inner, 7.92e-07
Test2Inner, 7.92e-07
Test2Inner, 7.92e-07
Test2Inner, 8.34e-07
Test2Inner, 8.33e-07
Test2Inner, 8.33e-07
Test2Inner, 8.33e-07
Test2Inner, 8.75e-07
Test2Inner, 8.33e-07
Test2Inner, 8.33e-07
Test2Inner, 8.75e-07
Test2Inner, 8.33e-07
Test2Inner, 8.33e-07
Test2Inner, 8.33e-07
Test2Inner, 7.92e-07
Test2Inner, 8.33e-07
Test2Inner, 7.91e-07
Test2Inner, 8.34e-07
Test2Inner, 7.92e-07
Test2Inner, 7.92e-07
Test2Inner, 7.92e-07
Test2Inner, 8.33e-07
Test2Inner, 8.33e-07
Test2Inner, 7.92e-07
Test2Inner, 7.92e-07
Test2Inner, 8.34e-07
Test2Inner, 7.92e-07
Test2Inner, 8.34e-07
Test2Inner, 7.5e-07
Test2Inner, 7.91e-07
Test2Inner, 7.92e-07
Test2Inner, 8.33e-07
Test2Inner, 8.33e-07
Test2Inner, 7.5e-07
Test2Inner, 7.92e-07
Test2Inner, 8.33e-07
Test2Inner, 7.92e-07
Test2Inner, 7.92e-07
Test2Inner, 7.92e-07
Test2Inner, 8.33e-07
Test2Inner, 7.91e-07
Test2Inner, 8.33e-07
Test2Inner, 7.92e-07
Test2Inner, 8.33e-07
Test2Inner, 7.91e-07
Test2Inner, 7.92e-07
Test2Inner, 8.34e-07
Test2Inner, 7.92e-07
Test2Inner, 7.92e-07
Test2Inner, 7.92e-07
Test2Inner, 7.92e-07
Test2Inner, 7.5e-07
Test2Inner, 8.34e-07
Test2Inner, 8.34e-07
Test2Inner, 7.92e-07
Test2Inner, 7.92e-07
Test2Inner, 8.34e-07
Test2Inner, 7.91e-07
Test2Inner, 8.33e-07
Test2Inner, 7.91e-07
Test2Inner, 7.5e-07
Test2Inner, 7.92e-07
Test2Inner, 7.92e-07
Test2Inner, 8.34e-07
Test2Inner, 7.92e-07
Test2Inner, 7.92e-07
Test2Inner, 7.92e-07
Test2Inner, 7.92e-07
Test2Inner, 7.92e-07
Test2Inner, 8.33e-07
Test2Inner, 7.91e-07
Test2Inner, 7.91e-07
Test2Inner, 7.91e-07
Test2Inner, 7.91e-07
Test2Inner, 8.33e-07
Test2Inner, 7.91e-07
Test2Inner, 7.91e-07
Test2Inner, 8.33e-07
Test2Inner, 7.5e-07
Test2Inner, 7.92e-07
Test2Inner, 7.92e-07
Test2Inner, 7.92e-07
Test2Inner, 7.92e-07
Test2Inner, 8.75e-07
Test2Inner, 8.33e-07
Test2Inner, 8.33e-07
Test2Inner, 8.33e-07
Test2Inner, 8.33e-07
Test2Inner, 8.33e-07
Test2Inner, 8.33e-07
Test2Inner, 8.33e-07
Test2Inner, 7.92e-07
Test2Inner, 7.92e-07
Test2Inner, 7.92e-07
Test2Inner, 7.92e-07
Test2Inner, 8.34e-07
Test2Inner, 8.34e-07
Test2Inner, 8.34e-07
Test2Inner, 8.33e-07
Test2Inner, 8.33e-07
Test2Inner, 8.33e-07
Test2Inner, 8.33e-07
Test2Inner, 8.33e-07
Test2Inner, 8.33e-07
Test2Inner, 8.33e-07
Test2Inner, 8.33e-07
Test2Inner, 7.92e-07
Test2Inner, 7.5e-07
Test2Inner, 7.92e-07
Test2Inner, 8.34e-07
Test2Inner, 7.92e-07
Test2Inner, 8.33e-07
Test2Inner, 8.34e-07
Test2Inner, 7.91e-07
Test2Inner, 7.91e-07
Test2Inner, 8.34e-07
Test2Inner, 7.92e-07
Test2Inner, 8.34e-07
Test2Inner, 8.34e-07
Test2Inner, 8.34e-07
Test2Inner, 8.33e-07
Test2Inner, 8.33e-07
Test2Inner, 8.33e-07
Test2Inner, 8.33e-07
Test2Inner, 8.33e-07
Test2Inner, 7.91e-07
Test2Inner, 8.33e-07
Test2Inner, 7.92e-07
Test2Inner, 7.92e-07
Test2Inner, 7.91e-07
Test2Inner, 8.33e-07
Test2Inner, 8.75e-07
Test2Inner, 7.5e-07
Test2Inner, 8.34e-07
Test2Inner, 7.92e-07
Test2Inner, 8.33e-07
Test2Inner, 8.33e-07
Test2Inner, 7.91e-07
Test2Inner, 7.91e-07
Test2Inner, 7.92e-07
Test2Inner, 7.92e-07
Test2Inner, 7.92e-07
Test2Inner, 7.91e-07
Test2Inner, 8.33e-07
Test2Inner, 8.34e-07
Test2Inner, 8.34e-07
Test2Inner, 8.34e-07
Test2Inner, 8.33e-07
Test2Inner, 8.33e-07
Test2Inner, 8.33e-07
Test2Inner, 8.33e-07
Test2Inner, 8.33e-07
Test2Inner, 8.33e-07
Test2Inner, 8.33e-07
Test2Inner, 8.33e-07
Test2Inner, 8.33e-07
Test2Inner, 8.33e-07
Test2Inner, 8.33e-07
Test2Inner, 8.33e-07
Test2Inner, 8.33e-07
Test2Inner, 8.33e-07
Test2Inner, 8.34e-07
Test2Inner, 8.34e-07
Test2Inner, 8.34e-07
Test2Inner, 8.34e-07
Test2Inner, 8.33e-07
Test2Inner, 8.34e-07
Test2Inner, 7.91e-07
Test2Inner, 7.91e-07
Test2Inner, 7.91e-07
Test2Inner, 8.33e-07
Test2Inner, 8.33e-07
Test2Inner, 8.34e-07
Test2Inner, 8.33e-07
Test2Inner, 8.33e-07
Test2Inner, 8.33e-07
Test2Inner, 8.33e-07
Test2Inner, 8.75e-07
Test2Inner, 7.5e-07
Test2Inner, 7.92e-07
Test2Inner, 7.92e-07
Test2Inner, 7.92e-07
Test2Inner, 8.34e-07
Test2Inner, 7.92e-07
Test2Inner, 7.92e-07
Test2Inner, 7.92e-07
Test2Inner, 8.33e-07
Test2Inner, 8.33e-07
Test2Inner, 7.92e-07
Test2Inner, 7.91e-07
Test2Inner, 7.92e-07
Test2Inner, 7.92e-07
Test2Inner, 7.5e-07
Test2Inner, 7.92e-07
Test2Inner, 7.92e-07
Test2Inner, 7.92e-07
Test2Inner, 7.91e-07
Test2Inner, 7.91e-07
Test2Inner, 7.91e-07
Test2Inner, 7.92e-07
Test2Inner, 7.92e-07
Test2Inner, 7.91e-07
Test2Inner, 7.92e-07
Test2Inner, 7.92e-07
Test2Inner, 7.92e-07
Test2Inner, 7.92e-07
Test2Inner, 7.92e-07
Test2Inner, 8.33e-07
Test2Inner, 7.92e-07
Test2Inner, 7.91e-07
Test2Inner, 7.91e-07
Test2Inner, 7.92e-07
Test2Inner, 7.92e-07
Test2Inner, 8.33e-07
Test2Inner, 7.91e-07
Test2Inner, 7.92e-07
Test2Inner, 7.5e-07
Test2Inner, 7.91e-07
Test2Inner, 7.92e-07
Test2Inner, 7.91e-07
Test2Inner, 8.33e-07
Test2Inner, 7.92e-07
Test2Inner, 7.92e-07
Test2Inner, 8.33e-07
Test2Inner, 7.92e-07
Test2Inner, 7.5e-07
Test2Inner, 8.33e-07
Test2Inner, 7.92e-07
Test2Inner, 8.75e-07
Test2Inner, 7.92e-07
Test2Inner, 8.33e-07
Test2Inner, 8.33e-07
Test2Inner, 7.5e-07
Test2Inner, 7.92e-07
Test2Inner, 7.91e-07
Test2Inner, 7.92e-07
Test2Inner, 8.34e-07
Test2Inner, 7.92e-07
Test2Inner, 7.92e-07
Test2Inner, 7.91e-07
Test2Inner, 7.92e-07
Test2Inner, 7.92e-07
Test2Inner, 7.5e-07
Test2Inner, 7.92e-07
Test2Inner, 7.91e-07
Test2Inner, 7.5e-07
Test2Inner, 7.5e-07
Test2Inner, 7.91e-07
Test2Inner, 7.5e-07
Test2Inner, 7.92e-07
Test2Inner, 7.5e-07
Test2Inner, 7.92e-07
Test2Inner, 7.5e-07
Test2Inner, 7.91e-07
Test2Inner, 7.92e-07
Test2Inner, 7.5e-07
Test2Inner, 7.92e-07
Test2Inner, 7.92e-07
Test2Inner, 7.91e-07
Test2Inner, 7.5e-07
Test2Inner, 7.5e-07
Test2Inner, 7.92e-07
Test2Inner, 7.5e-07
Test2Inner, 8.34e-07
Test2Inner, 7.5e-07
Test2Inner, 7.92e-07
Test2Inner, 8.34e-07
Test2Inner, 7.5e-07
Test2Inner, 7.91e-07
Test2Inner, 7.5e-07
Test2Inner, 7.92e-07
Test2Inner, 8.33e-07
Test2Inner, 7.5e-07
Test2Inner, 7.92e-07
Test2Inner, 7.92e-07
Test2Inner, 7.5e-07
Test2Inner, 7.92e-07
Test2Inner, 7.92e-07
Test2Inner, 7.5e-07
Test2Inner, 7.5e-07
Test2Inner, 7.92e-07
Test2Inner, 7.5e-07
Test2Inner, 7.5e-07
Test2Inner, 7.5e-07
Test2Inner, 7.5e-07
Test2Inner, 7.92e-07
Test2Inner, 7.92e-07
Test2Inner, 7.5e-07
Test2Inner, 7.5e-07
Test2Inner, 7.92e-07
Test2Inner, 7.92e-07
Test2Inner, 7.92e-07
Test2Inner, 7.91e-07
Test2Inner, 7.91e-07
Test2Inner, 7.92e-07
Test2Inner, 7.92e-07
Test2Inner, 7.91e-07
Test2Inner, 7.92e-07
Test2Inner, 7.92e-07
Test2Inner, 7.92e-07
Test2Inner, 7.5e-07
Test2Inner, 7.92e-07
Test2Inner, 7.92e-07
Test2Inner, 7.91e-07
Test2Inner, 8.33e-07
Test2Inner, 7.5e-07
Test2Inner, 7.92e-07
Test2Inner, 7.92e-07
Test2Inner, 7.09e-07
Test2Inner, 7.5e-07
Test2Inner, 7.91e-07
Test2Inner, 7.91e-07
Test2Inner, 7.91e-07
Test2Inner, 7.5e-07
Test2Inner, 7.92e-07
Test2Inner, 7.91e-07
Test2Inner, 7.91e-07
Test2Inner, 7.92e-07
Test2Inner, 7.92e-07
Test2Inner, 7.91e-07
Test2Inner, 7.92e-07
Test2Inner, 7.92e-07
Test2Inner, 7.92e-07
Test2Inner, 7.92e-07
Test2Inner, 7.91e-07
Test2Inner, 8.33e-07
Test2Inner, 7.92e-07
Test2Inner, 7.92e-07
Test2Inner, 7.91e-07
Test2Inner, 7.92e-07
Test2Inner, 7.92e-07
Test2Inner, 7.5e-07
Test2Inner, 7.92e-07
Test2Inner, 7.91e-07
Test2Inner, 7.91e-07
Test2Inner, 7.92e-07
Test2Inner, 7.92e-07
Test2Inner, 7.92e-07
Test2Inner, 7.92e-07
Test2Inner, 7.91e-07
Test2Inner, 7.92e-07
Test2Inner, 7.5e-07
Test2Inner, 7.91e-07
Test2Inner, 7.92e-07
Test2Inner, 7.92e-07
Test2Inner, 7.91e-07
Test2Inner, 7.92e-07
Test2Inner, 8.34e-07
Test2Inner, 7.92e-07
Test2Inner, 7.92e-07
Test2Inner, 8.34e-07
Test2Inner, 7.5e-07
Test2Inner, 7.91e-07
Test2Inner, 8.33e-07
Test2Inner, 7.92e-07
Test2Inner, 7.92e-07
Test2Inner, 7.92e-07
Test2Inner, 7.92e-07
Test2Inner, 7.92e-07
Test2Inner, 7.5e-07
Test2Inner, 7.92e-07
Test2Inner, 8.33e-07
Test2Inner, 7.91e-07
Test2Inner, 7.92e-07
Test2Inner, 7.5e-07
Test2Inner, 7.5e-07
Test2Inner, 7.5e-07
Test2Inner, 7.92e-07
Test2Inner, 7.5e-07
Test2Inner, 7.5e-07
Test2Inner, 7.5e-07
Test2Inner, 7.5e-07
Test2Inner, 7.5e-07
Test2Inner, 7.5e-07
Test2Inner, 7.5e-07
Test2Inner, 7.5e-07
Test2Inner, 7.5e-07
Test2Inner, 7.91e-07
Test2Inner, 7.92e-07
Test2Inner, 7.92e-07
Test2Inner, 8.34e-07
Test2Inner, 7.91e-07
Test2Inner, 7.91e-07
Test2Inner, 7.92e-07
Test2Inner, 7.5e-07
Test2Inner, 8.33e-07
Test2Inner, 7.92e-07
Test2Inner, 8.34e-07
Test2Inner, 8.34e-07
Test2Inner, 8.34e-07
Test2Inner, 7.92e-07
Test2Inner, 7.92e-07
Test2Inner, 7.92e-07
Test2Inner, 8.33e-07
Test2Inner, 7.92e-07
Test2Inner, 7.91e-07
Test2Inner, 7.91e-07
Test2Inner, 8.75e-07
Test2Inner, 8.33e-07
Test2Inner, 8.33e-07
Test2Inner, 8.33e-07
Test2Inner, 8.34e-07
Test2Inner, 8.33e-07
Test2Inner, 7.92e-07
Test2Inner, 8.33e-07
Test2Inner, 7.5e-07
Test2Inner, 7.5e-07
Test2Inner, 7.92e-07
Test2Inner, 7.92e-07
Test2Inner, 7.92e-07
Test2Inner, 7.91e-07
Test2Inner, 7.5e-07
Test2Inner, 7.5e-07
Test2Inner, 7.92e-07
Test2Inner, 7.5e-07
Test2Inner, 7.92e-07
Test2Inner, 7.5e-07
Test2Inner, 7.91e-07
Test2Inner, 7.91e-07
Test2Inner, 7.92e-07
Test2Inner, 7.5e-07
Test2Inner, 8.33e-07
Test2Inner, 7.91e-07
Test2Inner, 8.33e-07
Test2Inner, 7.5e-07
Test2Inner, 7.5e-07
Test2Inner, 7.5e-07
Test2Inner, 7.5e-07
Test2Inner, 8.33e-07
Test2Inner, 8.33e-07
Test2Inner, 7.5e-07
Test2Inner, 7.92e-07
Test2Inner, 7.92e-07
Test2Inner, 7.5e-07
Test2Inner, 7.92e-07
Test2Inner, 8.33e-07
Test2Inner, 7.91e-07
Test2Inner, 7.92e-07
Test2Inner, 7.91e-07
Test2Inner, 7.92e-07
Test2Inner, 7.91e-07
Test2Inner, 7.91e-07
Test2Inner, 7.92e-07
Test2Inner, 7.92e-07
Test2Inner, 7.92e-07
Test2Inner, 8.33e-07
Test2Inner, 7.91e-07
Test2Inner, 7.91e-07
Test2Inner, 7.91e-07
Test2Inner, 7.91e-07
Test2Inner, 7.5e-07
Test2Inner, 8.33e-07
Test2Inner, 8.33e-07
Test2Inner, 8.33e-07
Test2Inner, 8.33e-07
Test2Inner, 8.33e-07
Test2Inner, 8.34e-07
Test2Inner, 7.92e-07
Test2Inner, 7.92e-07
Test2Inner, 7.91e-07
Test2Inner, 7.92e-07
Test2Inner, 8.34e-07
Test2Inner, 7.5e-07
Test2Inner, 8.34e-07
Test2Inner, 7.92e-07
Test2Inner, 7.92e-07
Test2Inner, 7.92e-07
Test2Inner, 7.5e-07
Test2Inner, 7.91e-07
Test2Inner, 8.33e-07
Test2Inner, 8.33e-07
Test2Inner, 8.33e-07
Test2Inner, 8.33e-07
Test2Inner, 7.92e-07
Test2Inner, 8.33e-07
Test2Inner, 7.91e-07
Test2Inner, 8.33e-07
Test2Inner, 8.34e-07
Test2Inner, 8.75e-07
Test2Inner, 8.75e-07
Test2Inner, 9.17e-07
Test2Inner, 8.75e-07
Test2Inner, 8.75e-07
Test2Inner, 8.34e-07
Test2Inner, 8.75e-07
Test2Inner, 7.92e-07
Test2Inner, 7.91e-07
Test2Inner, 8.33e-07
Test2Inner, 8.34e-07
Test2Inner, 8.33e-07
Test2Inner, 7.91e-07
Test2Inner, 8.33e-07
Test2Inner, 8.33e-07
Test2Inner, 8.34e-07
Test2Inner, 8.75e-07
Test2Inner, 8.34e-07
Test2Inner, 7.92e-07
Test2Inner, 8.33e-07
Test2Inner, 8.34e-07
Test2Inner, 8.33e-07
Test2Inner, 8.33e-07
Test2Inner, 7.92e-07
Test2Inner, 7.92e-07
Test2Inner, 8.34e-07
Test2Inner, 7.92e-07
Test2Inner, 7.92e-07
Test2Inner, 8.33e-07
Test2Inner, 8.33e-07
Test2Inner, 8.34e-07
Test2Inner, 7.92e-07
Test2Inner, 8.33e-07
Test2Inner, 7.91e-07
Test2Inner, 8.75e-07
Test2Inner, 8.75e-07
Test2Inner, 8.33e-07
Test2Inner, 8.34e-07
Test2Inner, 7.91e-07
Test2Inner, 7.92e-07
Test2Inner, 7.92e-07
Test2Inner, 7.91e-07
Test2Inner, 8.33e-07
Test2Inner, 8.34e-07
Test2Inner, 8.33e-07
Test2Inner, 8.34e-07
Test2Inner, 7.92e-07
Test2Inner, 8.33e-07
Test2Inner, 8.33e-07
Test2Inner, 8.33e-07
Test2Inner, 8.34e-07
Test2Inner, 8.33e-07
Test2Inner, 8.34e-07
Test2Inner, 8.33e-07
Test2Inner, 8.34e-07
Test2Inner, 8.75e-07
Test2Inner, 8.75e-07
Test2Inner, 8.75e-07
Test2Inner, 8.75e-07
Test2Inner, 8.75e-07
Test2Inner, 8.75e-07
Test2Inner, 8.75e-07
Test2Inner, 8.75e-07
Test2Inner, 8.75e-07
Test2Inner, 8.33e-07
Test2Inner, 8.75e-07
Test2Inner, 8.75e-07
Test2Inner, 8.75e-07
Test2Inner, 8.75e-07
Test2Inner, 8.75e-07
Test2Inner, 8.75e-07
Test2Inner, 8.34e-07
Test2Inner, 8.33e-07
Test2Inner, 8.33e-07
Test2Inner, 8.34e-07
Test2Inner, 8.75e-07
Test2Inner, 8.75e-07
Test2Inner, 8.75e-07
Test2Inner, 8.75e-07
Test2Inner, 9.17e-07
Test2Inner, 7.91e-07
Test2Inner, 8.33e-07
Test2Inner, 8.75e-07
Test2Inner, 8.75e-07
Test2Inner, 8.75e-07
Test2Inner, 8.34e-07
Test2Inner, 8.33e-07
Test2Inner, 8.33e-07
Test2Inner, 7.92e-07
Test2Inner, 8.33e-07
Test2Inner, 7.91e-07
Test2Inner, 8.33e-07
Test2Inner, 8.75e-07
Test2Inner, 8.75e-07
Test2Inner, 8.34e-07
Test2Inner, 8.75e-07
Test2Inner, 8.75e-07
Test2Inner, 8.34e-07
Test2Inner, 8.75e-07
Test2Inner, 8.75e-07
Test2Inner, 8.75e-07
Test2Inner, 8.75e-07
Test2Inner, 8.75e-07
Test2Inner, 8.75e-07
Test2Inner, 8.33e-07
Test2Inner, 8.75e-07
Test2Inner, 8.33e-07
Test2Inner, 8.75e-07
Test2Inner, 8.75e-07
Test2Inner, 8.33e-07
Test2Inner, 8.75e-07
Test2Inner, 8.34e-07
Test2Inner, 8.33e-07
Test2Inner, 8.75e-07
Test2Inner, 8.33e-07
Test2Inner, 8.75e-07
Test2Inner, 8.33e-07
Test2Inner, 8.33e-07
Test2Inner, 8.75e-07
Test2Inner, 8.33e-07
Test2Inner, 8.33e-07
Test2Inner, 8.75e-07
Test2Inner, 8.75e-07
Test2Inner, 8.33e-07
Test2Inner, 8.33e-07
Test2Inner, 8.34e-07
Test2Inner, 8.34e-07
Test2Inner, 7.92e-07
Test2Inner, 7.92e-07
Test2Inner, 8.34e-07
Test2Inner, 8.75e-07
Test2Inner, 8.33e-07
Test2Inner, 8.34e-07
Test2Inner, 8.34e-07
Test2Inner, 8.34e-07
Test2Inner, 8.34e-07
Test2Inner, 8.33e-07
Test2Inner, 7.91e-07
Test2Inner, 8.33e-07
Test2Inner, 8.75e-07
Test2Inner, 8.33e-07
Test2Inner, 8.75e-07
Test2Inner, 7.92e-07
Test2Inner, 8.33e-07
Test2Inner, 7.92e-07
Test2Inner, 8.33e-07
Test2Inner, 8.34e-07
Test2Inner, 7.5e-07
Test2Inner, 8.33e-07
Test2Inner, 8.33e-07
Test2Inner, 8.34e-07
Test2Inner, 8.34e-07
Test2Inner, 8.34e-07
Test2Inner, 7.91e-07
Test2Inner, 8.34e-07
Test2Inner, 8.33e-07
Test2Inner, 8.33e-07
Test2Inner, 8.33e-07
Test2Inner, 8.34e-07
Test2Inner, 8.34e-07
Test2Inner, 8.33e-07
Test2Inner, 8.33e-07
Test2Inner, 8.34e-07
Test2Inner, 8.33e-07
Test2Inner, 8.33e-07
Test2Inner, 7.92e-07
Test2Inner, 8.34e-07
Test2Inner, 8.33e-07
Test2Inner, 8.33e-07
Test2Inner, 8.34e-07
Test2Inner, 7.92e-07
Test2Inner, 7.91e-07
Test2Inner, 7.92e-07
Test2Inner, 7.92e-07
Test2Inner, 8.75e-07
Test2Inner, 7.92e-07
Test2Inner, 7.91e-07
Test2Inner, 8.34e-07
Test2Inner, 8.34e-07
Test2Inner, 8.33e-07
Test2Inner, 8.33e-07
Test2Inner, 7.91e-07
Test2Inner, 7.92e-07
Test2Inner, 7.92e-07
Test2Inner, 7.92e-07
Test2Inner, 7.92e-07
Test2Inner, 8.34e-07
Test2Inner, 7.92e-07
Test2Inner, 7.92e-07
Test2Inner, 7.91e-07
Test2Inner, 7.92e-07
Test2Inner, 7.92e-07
Test2Inner, 7.92e-07
Test2Inner, 7.92e-07
Test2Inner, 7.91e-07
Test2Inner, 7.91e-07
Test2Inner, 8.33e-07
Test2Inner, 7.91e-07
Test2Inner, 8.33e-07
Test2Inner, 8.33e-07
Test2Inner, 7.91e-07
Test2Inner, 8.33e-07
Test2Inner, 7.92e-07
Test2Inner, 7.92e-07
Test2Inner, 8.34e-07
Test2Inner, 8.34e-07
Test2Inner, 7.92e-07
Test2Inner, 7.92e-07
Test2Inner, 8.33e-07
Test2Inner, 7.92e-07
Test2Inner, 7.92e-07
Test2Inner, 7.92e-07
Test2Inner, 7.92e-07
Test2Inner, 7.92e-07
Test2Inner, 7.92e-07
Test2Inner, 7.92e-07
Test2Inner, 7.92e-07
Test2Inner, 7.5e-07
Test2Inner, 7.92e-07
Test2Inner, 7.91e-07
Test2Inner, 8.33e-07
Test2Inner, 7.92e-07
Test2Inner, 7.92e-07
Test2Inner, 7.91e-07
Test2Inner, 8.33e-07
Test2Inner, 7.92e-07
Test2Inner, 7.92e-07
Test2Inner, 7.92e-07
Test2Inner, 7.92e-07
Test2Inner, 7.91e-07
Test2Inner, 8.33e-07
Test2Inner, 7.92e-07
Test2Inner, 7.92e-07
Test2Inner, 7.91e-07
Test2Inner, 7.91e-07
Test2Inner, 8.33e-07
Test2Inner, 7.92e-07
Test2Inner, 7.92e-07
Test2Inner, 7.92e-07
Test2Inner, 8.33e-07
Test2Inner, 7.92e-07
Test2Inner, 7.92e-07
Test2Inner, 7.92e-07
Test2Inner, 7.91e-07
Test2Inner, 7.91e-07
Test2Inner, 7.92e-07
Test2Inner, 8.34e-07
Test2Inner, 7.91e-07
Test2Inner, 7.91e-07
Test2Inner, 7.92e-07
Test2Inner, 7.92e-07
Test2Inner, 7.92e-07
Test2Inner, 7.92e-07
Test2Inner, 7.92e-07
Test2Inner, 7.92e-07
Test2Inner, 7.91e-07
Test2Inner, 8.33e-07
Test2Inner, 7.92e-07
Test2Inner, 8.33e-07
Test2Inner, 7.92e-07
Test2Inner, 7.92e-07
Test2Inner, 7.91e-07
Test2Inner, 7.91e-07
Test2Inner, 7.92e-07
Test2Inner, 8.34e-07
Test2Inner, 7.92e-07
Test2Inner, 8.33e-07
Test2Inner, 7.91e-07
Test2Inner, 8.33e-07
Test2Inner, 8.34e-07
Test2Inner, 7.92e-07
Test2Inner, 8.33e-07
Test2Inner, 7.91e-07
Test2Inner, 7.92e-07
Test2Inner, 9.58e-07
Test2Inner, 8.33e-07
Test2Inner, 8.34e-07
Test2Inner, 7.92e-07
Test3Inner, 2.5e-07
Test3Inner, 2.5e-07
Test3Inner, 2.5e-07
Test3Inner, 2.5e-07
Test3Inner, 2.5e-07
Test3Inner, 2.08e-07
Test3Inner, 2.5e-07
Test3Inner, 2.5e-07
Test3Inner, 2.08e-07
Test3Inner, 2.08e-07
Test3Inner, 2.08e-07
Test3Inner, 2.5e-07
Test3Inner, 2.5e-07
Test3Inner, 2.5e-07
Test3Inner, 2.5e-07
Test3Inner, 2.5e-07
Test3Inner, 2.5e-07
Test3Inner, 2.5e-07
Test3Inner, 2.5e-07
Test3Inner, 2.5e-07
Test3Inner, 2.5e-07
Test3Inner, 2.5e-07
Test3Inner, 2.5e-07
Test3Inner, 2.09e-07
Test3Inner, 2.5e-07
Test3Inner, 2.09e-07
Test3Inner, 2.08e-07
Test3Inner, 2.5e-07
Test3Inner, 2.5e-07
Test3Inner, 2.91e-07
Test3Inner, 2.5e-07
Test3Inner, 2.5e-07
Test3Inner, 2.5e-07
Test3Inner, 2.5e-07
Test3Inner, 2.5e-07
Test3Inner, 2.5e-07
Test3Inner, 2.5e-07
Test3Inner, 2.5e-07
Test3Inner, 2.5e-07
Test3Inner, 2.5e-07
Test3Inner, 2.5e-07
Test3Inner, 2.5e-07
Test3Inner, 2.5e-07
Test3Inner, 2.5e-07
Test3Inner, 2.5e-07
Test3Inner, 2.5e-07
Test3Inner, 2.5e-07
Test3Inner, 2.5e-07
Test3Inner, 2.5e-07
Test3Inner, 2.92e-07
Test3Inner, 2.5e-07
Test3Inner, 2.91e-07
Test3Inner, 2.92e-07
Test3Inner, 2.08e-07
Test3Inner, 2.5e-07
Test3Inner, 2.5e-07
Test3Inner, 2.5e-07
Test3Inner, 2.5e-07
Test3Inner, 2.92e-07
Test3Inner, 2.5e-07
Test3Inner, 2.91e-07
Test3Inner, 2.5e-07
Test3Inner, 2.5e-07
Test3Inner, 2.92e-07
Test3Inner, 2.5e-07
Test3Inner, 2.5e-07
Test3Inner, 2.92e-07
Test3Inner, 2.5e-07
Test3Inner, 2.5e-07
Test3Inner, 2.5e-07
Test3Inner, 2.5e-07
Test3Inner, 2.08e-07
Test3Inner, 2.08e-07
Test3Inner, 2.09e-07
Test3Inner, 2.92e-07
Test3Inner, 2.5e-07
Test3Inner, 2.91e-07
Test3Inner, 2.92e-07
Test3Inner, 2.92e-07
Test3Inner, 2.08e-07
Test3Inner, 2.5e-07
Test3Inner, 2.5e-07
Test3Inner, 2.5e-07
Test3Inner, 2.5e-07
Test3Inner, 2.5e-07
Test3Inner, 2.08e-07
Test3Inner, 2.5e-07
Test3Inner, 2.5e-07
Test3Inner, 2.5e-07
Test3Inner, 2.92e-07
Test3Inner, 2.5e-07
Test3Inner, 2.5e-07
Test3Inner, 2.5e-07
Test3Inner, 2.5e-07
Test3Inner, 2.91e-07
Test3Inner, 2.5e-07
Test3Inner, 2.08e-07
Test3Inner, 2.5e-07
Test3Inner, 2.5e-07
Test3Inner, 2.09e-07
Test3Inner, 2.5e-07
Test3Inner, 2.91e-07
Test3Inner, 2.5e-07
Test3Inner, 2.5e-07
Test3Inner, 2.91e-07
Test3Inner, 2.5e-07
Test3Inner, 2.5e-07
Test3Inner, 2.5e-07
Test3Inner, 2.09e-07
Test3Inner, 2.08e-07
Test3Inner, 2.5e-07
Test3Inner, 2.5e-07
Test3Inner, 2.5e-07
Test3Inner, 2.5e-07
Test3Inner, 2.5e-07
Test3Inner, 2.5e-07
Test3Inner, 2.91e-07
Test3Inner, 2.5e-07
Test3Inner, 2.5e-07
Test3Inner, 2.5e-07
Test3Inner, 2.92e-07
Test3Inner, 2.5e-07
Test3Inner, 2.5e-07
Test3Inner, 2.5e-07
Test3Inner, 2.92e-07
Test3Inner, 2.5e-07
Test3Inner, 2.5e-07
Test3Inner, 2.92e-07
Test3Inner, 2.5e-07
Test3Inner, 2.5e-07
Test3Inner, 2.5e-07
Test3Inner, 2.5e-07
Test3Inner, 2.08e-07
Test3Inner, 2.5e-07
Test3Inner, 2.5e-07
Test3Inner, 2.5e-07
Test3Inner, 2.08e-07
Test3Inner, 2.5e-07
Test3Inner, 2.5e-07
Test3Inner, 2.08e-07
Test3Inner, 2.5e-07
Test3Inner, 2.5e-07
Test3Inner, 2.5e-07
Test3Inner, 2.5e-07
Test3Inner, 2.5e-07
Test3Inner, 2.5e-07
Test3Inner, 2.5e-07
Test3Inner, 2.5e-07
Test3Inner, 2.5e-07
Test3Inner, 2.09e-07
Test3Inner, 2.5e-07
Test3Inner, 2.5e-07
Test3Inner, 2.5e-07
Test3Inner, 2.5e-07
Test3Inner, 2.5e-07
Test3Inner, 2.5e-07
Test3Inner, 2.5e-07
Test3Inner, 2.5e-07
Test3Inner, 2.08e-07
Test3Inner, 2.5e-07
Test3Inner, 2.92e-07
Test3Inner, 2.5e-07
Test3Inner, 2.5e-07
Test3Inner, 2.5e-07
Test3Inner, 2.5e-07
Test3Inner, 2.08e-07
Test3Inner, 2.5e-07
Test3Inner, 2.5e-07
Test3Inner, 2.5e-07
Test3Inner, 2.08e-07
Test3Inner, 2.5e-07
Test3Inner, 2.09e-07
Test3Inner, 2.5e-07
Test3Inner, 2.09e-07
Test3Inner, 2.09e-07
Test3Inner, 2.08e-07
Test3Inner, 2.08e-07
Test3Inner, 2.08e-07
Test3Inner, 2.08e-07
Test3Inner, 2.09e-07
Test3Inner, 2.08e-07
Test3Inner, 2.09e-07
Test3Inner, 2.08e-07
Test3Inner, 2.09e-07
Test3Inner, 2.08e-07
Test3Inner, 2.5e-07
Test3Inner, 2.08e-07
Test3Inner, 2.08e-07
Test3Inner, 2.08e-07
Test3Inner, 2.09e-07
Test3Inner, 2.08e-07
Test3Inner, 2.5e-07
Test3Inner, 2.5e-07
Test3Inner, 2.5e-07
Test3Inner, 2.5e-07
Test3Inner, 2.5e-07
Test3Inner, 2.09e-07
Test3Inner, 2.5e-07
Test3Inner, 2.5e-07
Test3Inner, 2.5e-07
Test3Inner, 2.5e-07
Test3Inner, 2.09e-07
Test3Inner, 2.5e-07
Test3Inner, 2.5e-07
Test3Inner, 2.5e-07
Test3Inner, 2.5e-07
Test3Inner, 2.5e-07
Test3Inner, 2.5e-07
Test3Inner, 2.5e-07
Test3Inner, 2.5e-07
Test3Inner, 2.09e-07
Test3Inner, 2.5e-07
Test3Inner, 2.5e-07
Test3Inner, 2.5e-07
Test3Inner, 2.5e-07
Test3Inner, 2.5e-07
Test3Inner, 2.5e-07
Test3Inner, 2.5e-07
Test3Inner, 2.5e-07
Test3Inner, 2.5e-07
Test3Inner, 2.5e-07
Test3Inner, 2.5e-07
Test3Inner, 2.5e-07
Test3Inner, 2.5e-07
Test3Inner, 2.5e-07
Test3Inner, 2.5e-07
Test3Inner, 2.5e-07
Test3Inner, 2.5e-07
Test3Inner, 2.5e-07
Test3Inner, 2.08e-07
Test3Inner, 2.5e-07
Test3Inner, 2.5e-07
Test3Inner, 2.5e-07
Test3Inner, 2.5e-07
Test3Inner, 2.5e-07
Test3Inner, 2.08e-07
Test3Inner, 2.5e-07
Test3Inner, 2.5e-07
Test3Inner, 2.5e-07
Test3Inner, 2.5e-07
Test3Inner, 2.5e-07
Test3Inner, 2.5e-07
Test3Inner, 2.5e-07
Test3Inner, 2.5e-07
Test3Inner, 2.5e-07
Test3Inner, 2.5e-07
Test3Inner, 2.5e-07
Test3Inner, 2.5e-07
Test3Inner, 2.5e-07
Test3Inner, 2.5e-07
Test3Inner, 2.5e-07
Test3Inner, 2.5e-07
Test3Inner, 2.5e-07
Test3Inner, 2.5e-07
Test3Inner, 2.91e-07
Test3Inner, 2.5e-07
Test3Inner, 2.5e-07
Test3Inner, 2.5e-07
Test3Inner, 2.5e-07
Test3Inner, 2.5e-07
Test3Inner, 2.5e-07
Test3Inner, 2.5e-07
Test3Inner, 2.5e-07
Test3Inner, 2.08e-07
Test3Inner, 2.5e-07
Test3Inner, 2.5e-07
Test3Inner, 2.5e-07
Test3Inner, 2.5e-07
Test3Inner, 2.5e-07
Test3Inner, 2.5e-07
Test3Inner, 2.5e-07
Test3Inner, 2.5e-07
Test3Inner, 2.5e-07
Test3Inner, 2.08e-07
Test3Inner, 2.09e-07
Test3Inner, 2.5e-07
Test3Inner, 2.5e-07
Test3Inner, 2.5e-07
Test3Inner, 2.5e-07
Test3Inner, 2.5e-07
Test3Inner, 2.5e-07
Test3Inner, 2.5e-07
Test3Inner, 2.5e-07
Test3Inner, 2.5e-07
Test3Inner, 2.5e-07
Test3Inner, 2.5e-07
Test3Inner, 2.5e-07
Test3Inner, 2.5e-07
Test3Inner, 2.5e-07
Test3Inner, 2.5e-07
Test3Inner, 2.5e-07
Test3Inner, 2.5e-07
Test3Inner, 2.5e-07
Test3Inner, 2.5e-07
Test3Inner, 2.5e-07
Test3Inner, 2.5e-07
Test3Inner, 2.5e-07
Test3Inner, 2.5e-07
Test3Inner, 2.5e-07
Test3Inner, 2.5e-07
Test3Inner, 2.5e-07
Test3Inner, 2.5e-07
Test3Inner, 2.5e-07
Test3Inner, 2.5e-07
Test3Inner, 2.5e-07
Test3Inner, 2.5e-07
Test3Inner, 2.5e-07
Test3Inner, 2.5e-07
Test3Inner, 2.5e-07
Test3Inner, 2.5e-07
Test3Inner, 2.5e-07
Test3Inner, 2.5e-07
Test3Inner, 2.08e-07
Test3Inner, 2.08e-07
Test3Inner, 2.5e-07
Test3Inner, 2.5e-07
Test3Inner, 2.5e-07
Test3Inner, 2.5e-07
Test3Inner, 2.5e-07
Test3Inner, 2.91e-07
Test3Inner, 2.5e-07
Test3Inner, 2.5e-07
Test3Inner, 2.5e-07
Test3Inner, 2.5e-07
Test3Inner, 2.5e-07
Test3Inner, 2.5e-07
Test3Inner, 2.5e-07
Test3Inner, 2.5e-07
Test3Inner, 2.5e-07
Test3Inner, 2.5e-07
Test3Inner, 2.5e-07
Test3Inner, 2.5e-07
Test3Inner, 2.5e-07
Test3Inner, 2.5e-07
Test3Inner, 2.5e-07
Test3Inner, 2.5e-07
Test3Inner, 2.5e-07
Test3Inner, 2.5e-07
Test3Inner, 2.5e-07
Test3Inner, 2.5e-07
Test3Inner, 2.5e-07
Test3Inner, 2.5e-07
Test3Inner, 2.5e-07
Test3Inner, 2.5e-07
Test3Inner, 2.5e-07
Test3Inner, 2.5e-07
Test3Inner, 2.5e-07
Test3Inner, 2.5e-07
Test3Inner, 2.5e-07
Test3Inner, 2.5e-07
Test3Inner, 2.5e-07
Test3Inner, 2.5e-07
Test3Inner, 2.5e-07
Test3Inner, 2.5e-07
Test3Inner, 2.5e-07
Test3Inner, 2.5e-07
Test3Inner, 2.5e-07
Test3Inner, 2.5e-07
Test3Inner, 2.5e-07
Test3Inner, 2.5e-07
Test3Inner, 2.5e-07
Test3Inner, 2.5e-07
Test3Inner, 2.5e-07
Test3Inner, 2.5e-07
Test3Inner, 2.08e-07
Test3Inner, 2.5e-07
Test3Inner, 2.92e-07
Test3Inner, 2.5e-07
Test3Inner, 2.5e-07
Test3Inner, 2.5e-07
Test3Inner, 2.5e-07
Test3Inner, 2.5e-07
Test3Inner, 2.5e-07
Test3Inner, 2.5e-07
Test3Inner, 2.5e-07
Test3Inner, 2.5e-07
Test3Inner, 2.5e-07
Test3Inner, 2.5e-07
Test3Inner, 2.5e-07
Test3Inner, 2.5e-07
Test3Inner, 2.5e-07
Test3Inner, 2.5e-07
Test3Inner, 2.5e-07
Test3Inner, 2.5e-07
Test3Inner, 2.5e-07
Test3Inner, 2.5e-07
Test3Inner, 2.5e-07
Test3Inner, 2.5e-07
Test3Inner, 2.5e-07
Test3Inner, 2.5e-07
Test3Inner, 2.5e-07
Test3Inner, 2.5e-07
Test3Inner, 2.5e-07
Test3Inner, 2.5e-07
Test3Inner, 2.5e-07
Test3Inner, 2.5e-07
Test3Inner, 2.5e-07
Test3Inner, 2.5e-07
Test3Inner, 2.5e-07
Test3Inner, 2.5e-07
Test3Inner, 2.5e-07
Test3Inner, 2.5e-07
Test3Inner, 2.5e-07
Test3Inner, 2.5e-07
Test3Inner, 2.5e-07
Test3Inner, 2.5e-07
Test3Inner, 2.5e-07
Test3Inner, 2.5e-07
Test3Inner, 2.5e-07
Test3Inner, 2.5e-07
Test3Inner, 2.5e-07
Test3Inner, 2.5e-07
Test3Inner, 2.5e-07
Test3Inner, 2.5e-07
Test3Inner, 2.5e-07
Test3Inner, 2.5e-07
Test3Inner, 2.5e-07
Test3Inner, 2.5e-07
Test3Inner, 2.5e-07
Test3Inner, 2.5e-07
Test3Inner, 2.5e-07
Test3Inner, 2.5e-07
Test3Inner, 2.09e-07
Test3Inner, 2.5e-07
Test3Inner, 2.5e-07
Test3Inner, 2.5e-07
Test3Inner, 2.5e-07
Test3Inner, 2.5e-07
Test3Inner, 2.5e-07
Test3Inner, 2.5e-07
Test3Inner, 2.5e-07
Test3Inner, 2.5e-07
Test3Inner, 2.5e-07
Test3Inner, 2.5e-07
Test3Inner, 2.5e-07
Test3Inner, 2.5e-07
Test3Inner, 2.5e-07
Test3Inner, 2.5e-07
Test3Inner, 2.5e-07
Test3Inner, 2.5e-07
Test3Inner, 2.5e-07
Test3Inner, 2.5e-07
Test3Inner, 2.5e-07
Test3Inner, 2.5e-07
Test3Inner, 2.5e-07
Test3Inner, 2.5e-07
Test3Inner, 2.5e-07
Test3Inner, 2.5e-07
Test3Inner, 2.5e-07
Test3Inner, 2.5e-07
Test3Inner, 2.5e-07
Test3Inner, 2.5e-07
Test3Inner, 2.5e-07
Test3Inner, 2.5e-07
Test3Inner, 2.5e-07
Test3Inner, 2.5e-07
Test3Inner, 2.5e-07
Test3Inner, 2.5e-07
Test3Inner, 2.5e-07
Test3Inner, 2.5e-07
Test3Inner, 2.5e-07
Test3Inner, 2.5e-07
Test3Inner, 2.5e-07
Test3Inner, 2.5e-07
Test3Inner, 2.5e-07
Test3Inner, 2.5e-07
Test3Inner, 2.5e-07
Test3Inner, 2.5e-07
Test3Inner, 2.5e-07
Test3Inner, 2.5e-07
Test3Inner, 2.5e-07
Test3Inner, 2.5e-07
Test3Inner, 2.5e-07
Test3Inner, 2.5e-07
Test3Inner, 2.5e-07
Test3Inner, 2.5e-07
Test3Inner, 2.5e-07
Test3Inner, 2.5e-07
Test3Inner, 2.5e-07
Test3Inner, 2.5e-07
Test3Inner, 2.5e-07
Test3Inner, 2.5e-07
Test3Inner, 2.5e-07
Test3Inner, 2.5e-07
Test3Inner, 2.5e-07
Test3Inner, 2.5e-07
Test3Inner, 2.5e-07
Test3Inner, 2.5e-07
Test3Inner, 2.5e-07
Test3Inner, 2.5e-07
Test3Inner, 2.5e-07
Test3Inner, 2.5e-07
Test3Inner, 2.5e-07
Test3Inner, 2.5e-07
Test3Inner, 2.5e-07
Test3Inner, 2.5e-07
Test3Inner, 2.5e-07
Test3Inner, 2.5e-07
Test3Inner, 2.5e-07
Test3Inner, 2.5e-07
Test3Inner, 2.5e-07
Test3Inner, 2.5e-07
Test3Inner, 2.5e-07
Test3Inner, 2.5e-07
Test3Inner, 2.5e-07
Test3Inner, 2.5e-07
Test3Inner, 2.5e-07
Test3Inner, 2.5e-07
Test3Inner, 2.5e-07
Test3Inner, 2.5e-07
Test3Inner, 2.5e-07
Test3Inner, 2.5e-07
Test3Inner, 2.5e-07
Test3Inner, 2.5e-07
Test3Inner, 2.5e-07
Test3Inner, 2.5e-07
Test3Inner, 2.5e-07
Test3Inner, 2.5e-07
Test3Inner, 2.5e-07
Test3Inner, 2.5e-07
Test3Inner, 2.5e-07
Test3Inner, 2.5e-07
Test3Inner, 2.5e-07
Test3Inner, 2.5e-07
Test3Inner, 2.5e-07
Test3Inner, 2.5e-07
Test3Inner, 2.5e-07
Test3Inner, 2.5e-07
Test3Inner, 2.5e-07
Test3Inner, 2.5e-07
Test3Inner, 2.5e-07
Test3Inner, 2.5e-07
Test3Inner, 2.5e-07
Test3Inner, 2.5e-07
Test3Inner, 2.5e-07
Test3Inner, 2.5e-07
Test3Inner, 2.5e-07
Test3Inner, 2.5e-07
Test3Inner, 2.5e-07
Test3Inner, 2.5e-07
Test3Inner, 2.5e-07
Test3Inner, 2.5e-07
Test3Inner, 2.5e-07
Test3Inner, 2.5e-07
Test3Inner, 2.5e-07
Test3Inner, 2.5e-07
Test3Inner, 2.5e-07
Test3Inner, 2.5e-07
Test3Inner, 2.91e-07
Test3Inner, 2.5e-07
Test3Inner, 2.5e-07
Test3Inner, 2.5e-07
Test3Inner, 2.5e-07
Test3Inner, 2.5e-07
Test3Inner, 2.91e-07
Test3Inner, 2.5e-07
Test3Inner, 2.5e-07
Test3Inner, 2.5e-07
Test3Inner, 2.5e-07
Test3Inner, 2.5e-07
Test3Inner, 2.5e-07
Test3Inner, 2.5e-07
Test3Inner, 2.5e-07
Test3Inner, 2.5e-07
Test3Inner, 2.5e-07
Test3Inner, 2.5e-07
Test3Inner, 2.5e-07
Test3Inner, 2.5e-07
Test3Inner, 2.5e-07
Test3Inner, 2.5e-07
Test3Inner, 2.5e-07
Test3Inner, 2.5e-07
Test3Inner, 2.5e-07
Test3Inner, 2.5e-07
Test3Inner, 2.5e-07
Test3Inner, 2.5e-07
Test3Inner, 2.5e-07
Test3Inner, 2.5e-07
Test3Inner, 2.5e-07
Test3Inner, 2.5e-07
Test3Inner, 2.5e-07
Test3Inner, 2.5e-07
Test3Inner, 2.5e-07
Test3Inner, 2.5e-07
Test3Inner, 2.5e-07
Test3Inner, 2.5e-07
Test3Inner, 2.5e-07
Test3Inner, 2.5e-07
Test3Inner, 2.5e-07
Test3Inner, 2.5e-07
Test3Inner, 2.5e-07
Test3Inner, 2.5e-07
Test3Inner, 2.5e-07
Test3Inner, 2.5e-07
Test3Inner, 2.5e-07
Test3Inner, 2.5e-07
Test3Inner, 2.5e-07
Test3Inner, 2.5e-07
Test3Inner, 2.5e-07
Test3Inner, 2.5e-07
Test3Inner, 2.5e-07
Test3Inner, 2.5e-07
Test3Inner, 2.5e-07
Test3Inner, 2.5e-07
Test3Inner, 2.5e-07
Test3Inner, 2.5e-07
Test3Inner, 2.5e-07
Test3Inner, 2.5e-07
Test3Inner, 2.5e-07
Test3Inner, 2.5e-07
Test3Inner, 2.5e-07
Test3Inner, 2.5e-07
Test3Inner, 2.5e-07
Test3Inner, 2.5e-07
Test3Inner, 2.5e-07
Test3Inner, 2.5e-07
Test3Inner, 2.5e-07
Test3Inner, 2.5e-07
Test3Inner, 2.5e-07
Test3Inner, 2.5e-07
Test3Inner, 2.5e-07
Test3Inner, 2.5e-07
Test3Inner, 2.5e-07
Test3Inner, 2.5e-07
Test3Inner, 2.5e-07
Test3Inner, 2.5e-07
Test3Inner, 2.5e-07
Test3Inner, 2.5e-07
Test3Inner, 2.5e-07
Test3Inner, 2.5e-07
Test3Inner, 2.5e-07
Test3Inner, 2.5e-07
Test3Inner, 2.5e-07
Test3Inner, 2.5e-07
Test3Inner, 2.5e-07
Test3Inner, 2.5e-07
Test3Inner, 2.5e-07
Test3Inner, 2.5e-07
Test3Inner, 2.08e-07
Test3Inner, 2.5e-07
Test3Inner, 2.5e-07
Test3Inner, 2.5e-07
Test3Inner, 2.5e-07
Test3Inner, 2.5e-07
Test3Inner, 2.5e-07
Test3Inner, 2.5e-07
Test3Inner, 2.5e-07
Test3Inner, 2.5e-07
Test3Inner, 2.5e-07
Test3Inner, 2.5e-07
Test3Inner, 2.5e-07
Test3Inner, 2.5e-07
Test3Inner, 2.5e-07
Test3Inner, 2.5e-07
Test3Inner, 2.5e-07
Test3Inner, 2.5e-07
Test3Inner, 2.5e-07
Test3Inner, 2.5e-07
Test3Inner, 2.5e-07
Test3Inner, 2.5e-07
Test3Inner, 2.5e-07
Test3Inner, 2.5e-07
Test3Inner, 2.5e-07
Test3Inner, 2.5e-07
Test3Inner, 2.5e-07
Test3Inner, 2.5e-07
Test3Inner, 2.5e-07
Test3Inner, 2.5e-07
Test3Inner, 2.5e-07
Test3Inner, 2.5e-07
Test3Inner, 2.5e-07
Test3Inner, 2.5e-07
Test3Inner, 2.5e-07
Test3Inner, 2.5e-07
Test3Inner, 2.5e-07
Test3Inner, 2.5e-07
Test3Inner, 2.5e-07
Test3Inner, 2.5e-07
Test3Inner, 2.5e-07
Test3Inner, 2.5e-07
Test3Inner, 2.5e-07
Test3Inner, 2.5e-07
Test3Inner, 2.5e-07
Test3Inner, 2.5e-07
Test3Inner, 2.5e-07
Test3Inner, 2.5e-07
Test3Inner, 2.5e-07
Test3Inner, 2.5e-07
Test3Inner, 2.92e-07
Test3Inner, 2.5e-07
Test3Inner, 2.5e-07
Test3Inner, 2.5e-07
Test3Inner, 2.5e-07
Test3Inner, 2.5e-07
Test3Inner, 2.5e-07
Test3Inner, 2.5e-07
Test3Inner, 2.5e-07
Test3Inner, 2.5e-07
Test3Inner, 2.5e-07
Test3Inner, 2.5e-07
Test3Inner, 2.5e-07
Test3Inner, 2.5e-07
Test3Inner, 2.5e-07
Test3Inner, 2.5e-07
Test3Inner, 2.5e-07
Test3Inner, 2.5e-07
Test3Inner, 2.5e-07
Test3Inner, 2.5e-07
Test3Inner, 2.5e-07
Test3Inner, 2.5e-07
Test3Inner, 2.5e-07
Test3Inner, 2.5e-07
Test3Inner, 2.5e-07
Test3Inner, 2.5e-07
Test3Inner, 2.5e-07
Test3Inner, 2.5e-07
Test3Inner, 2.5e-07
Test3Inner, 2.5e-07
Test3Inner, 2.5e-07
Test3Inner, 2.5e-07
Test3Inner, 2.5e-07
Test3Inner, 2.5e-07
Test3Inner, 2.5e-07
Test3Inner, 2.5e-07
Test3Inner, 2.5e-07
Test3Inner, 2.5e-07
Test3Inner, 2.5e-07
Test3Inner, 2.5e-07
Test3Inner, 2.92e-07
Test3Inner, 2.91e-07
Test3Inner, 3.33e-07
Test3Inner, 2.92e-07
Test3Inner, 3.33e-07
Test3Inner, 2.91e-07
Test3Inner, 2.92e-07
Test3Inner, 2.92e-07
Test3Inner, 2.5e-07
Test3Inner, 2.5e-07
Test3Inner, 2.5e-07
Test3Inner, 2.5e-07
Test3Inner, 2.5e-07
Test3Inner, 2.5e-07
Test3Inner, 2.5e-07
Test3Inner, 2.5e-07
Test3Inner, 2.5e-07
Test3Inner, 2.5e-07
Test3Inner, 2.5e-07
Test3Inner, 2.5e-07
Test3Inner, 2.5e-07
Test3Inner, 2.5e-07
Test3Inner, 2.5e-07
Test3Inner, 2.5e-07
Test3Inner, 2.5e-07
Test3Inner, 2.5e-07
Test3Inner, 2.5e-07
Test3Inner, 2.5e-07
Test3Inner, 2.5e-07
Test3Inner, 2.5e-07
Test3Inner, 2.5e-07
Test3Inner, 2.5e-07
Test3Inner, 2.5e-07
Test3Inner, 2.5e-07
Test3Inner, 2.5e-07
Test3Inner, 2.5e-07
Test3Inner, 2.5e-07
Test3Inner, 2.5e-07
Test3Inner, 2.5e-07
Test3Inner, 2.5e-07
Test3Inner, 2.5e-07
Test3Inner, 2.5e-07
Test3Inner, 2.5e-07
Test3Inner, 2.5e-07
Test3Inner, 2.5e-07
Test3Inner, 2.92e-07
Test3Inner, 2.5e-07
Test3Inner, 2.5e-07
Test3Inner, 2.5e-07
Test3Inner, 2.5e-07
Test3Inner, 2.5e-07
Test3Inner, 2.5e-07
Test3Inner, 2.5e-07
Test3Inner, 2.5e-07
Test3Inner, 2.5e-07
Test3Inner, 2.5e-07
Test3Inner, 2.5e-07
Test3Inner, 2.5e-07
Test3Inner, 2.5e-07
Test3Inner, 2.5e-07
Test3Inner, 2.5e-07
Test3Inner, 2.5e-07
Test3Inner, 2.5e-07
Test3Inner, 2.5e-07
Test3Inner, 2.5e-07
Test3Inner, 2.5e-07
Test3Inner, 2.5e-07
Test3Inner, 2.5e-07
Test3Inner, 2.5e-07
Test3Inner, 2.5e-07
Test3Inner, 2.5e-07
Test3Inner, 2.5e-07
Test3Inner, 2.5e-07
Test3Inner, 2.5e-07
Test3Inner, 2.5e-07
Test3Inner, 2.5e-07
Test3Inner, 2.5e-07
Test3Inner, 2.5e-07
Test3Inner, 2.5e-07
Test3Inner, 2.5e-07
Test3Inner, 2.5e-07
Test3Inner, 2.5e-07
Test3Inner, 2.5e-07
Test3Inner, 2.5e-07
Test3Inner, 2.5e-07
Test3Inner, 2.5e-07
Test3Inner, 2.5e-07
Test3Inner, 2.5e-07
Test3Inner, 2.5e-07
Test3Inner, 2.5e-07
Test3Inner, 2.5e-07
Test3Inner, 2.5e-07
Test3Inner, 2.5e-07
Test3Inner, 2.5e-07
Test3Inner, 2.5e-07
Test3Inner, 2.5e-07
Test3Inner, 2.5e-07
Test3Inner, 2.5e-07
Test3Inner, 2.5e-07
Test3Inner, 2.5e-07
Test3Inner, 2.5e-07
Test3Inner, 2.5e-07
Test3Inner, 2.5e-07
Test3Inner, 2.5e-07
Test3Inner, 2.5e-07
Test3Inner, 2.5e-07
Test3Inner, 2.5e-07
Test3Inner, 2.5e-07
Test3Inner, 2.5e-07
Test3Inner, 2.5e-07
Test3Inner, 2.5e-07
Test3Inner, 2.5e-07
Test3Inner, 2.5e-07
Test3Inner, 2.5e-07
Test3Inner, 2.5e-07
Test3Inner, 2.5e-07
Test3Inner, 2.5e-07
Test3Inner, 2.5e-07
Test3Inner, 2.5e-07
Test3Inner, 2.5e-07
Test3Inner, 2.5e-07
Test3Inner, 2.5e-07
Test3Inner, 2.5e-07
Test3Inner, 2.5e-07
Test3Inner, 2.5e-07
Test3Inner, 2.5e-07
Test3Inner, 2.5e-07
Test3Inner, 2.5e-07
Test3Inner, 2.5e-07
Test3Inner, 2.5e-07
Test3Inner, 2.5e-07
Test3Inner, 2.5e-07
Test3Inner, 2.5e-07
Test3Inner, 2.5e-07
Test3Inner, 2.08e-07
Test3Inner, 2.5e-07
Test3Inner, 2.5e-07
Test3Inner, 2.5e-07
Test3Inner, 2.5e-07
Test3Inner, 2.5e-07
Test3Inner, 2.5e-07
Test3Inner, 2.5e-07
Test3Inner, 2.5e-07
Test3Inner, 2.5e-07
Test3Inner, 2.5e-07
Test3Inner, 2.5e-07
Test3Inner, 2.5e-07
Test3Inner, 2.5e-07
Test3Inner, 2.5e-07
Test3Inner, 2.5e-07
Test3Inner, 2.5e-07
Test3Inner, 2.5e-07
Test3Inner, 2.5e-07
Test3Inner, 2.5e-07
Test3Inner, 2.5e-07
Test3Inner, 2.5e-07
Test3Inner, 2.5e-07
Test3Inner, 2.5e-07
Test3Inner, 2.5e-07
Test3Inner, 2.5e-07
Test3Inner, 2.5e-07
Test3Inner, 2.5e-07
Test3Inner, 2.5e-07
Test3Inner, 2.5e-07
Test3Inner, 2.5e-07
Test3Inner, 2.92e-07
Test3Inner, 2.5e-07
Test3Inner, 2.5e-07
Test3Inner, 2.5e-07
Test3Inner, 2.5e-07
Test3Inner, 2.5e-07
Test3Inner, 2.5e-07
Test3Inner, 2.5e-07
Test3Inner, 2.5e-07
Test3Inner, 2.5e-07
Test3Inner, 2.5e-07
Test3Inner, 2.5e-07
Test3Inner, 2.5e-07
Test3Inner, 2.5e-07
Test3Inner, 2.5e-07
Test3Inner, 2.5e-07
Test3Inner, 2.5e-07
Test3Inner, 2.5e-07
Test3Inner, 2.5e-07
Test3Inner, 2.5e-07
Test3Inner, 2.5e-07
Test3Inner, 2.5e-07
Test3Inner, 2.5e-07
Test3Inner, 2.92e-07
Test3Inner, 2.5e-07
Test3Inner, 2.5e-07
Test3Inner, 2.5e-07
Test3Inner, 2.92e-07
Test3Inner, 2.5e-07
Test3Inner, 2.5e-07
Test3Inner, 2.5e-07
Test3Inner, 2.5e-07
Test3Inner, 2.5e-07
Test3Inner, 2.5e-07
Test3Inner, 2.5e-07
Test3Inner, 2.5e-07
Test3Inner, 2.5e-07
Test3Inner, 2.5e-07
Test3Inner, 2.5e-07
Test3Inner, 2.5e-07
Test3Inner, 2.5e-07
Test3Inner, 2.5e-07
Test3Inner, 2.5e-07
Test3Inner, 2.5e-07
Test3Inner, 2.5e-07
Test3Inner, 2.5e-07
Test3Inner, 2.5e-07
Test3Inner, 2.5e-07
Test3Inner, 2.5e-07
Test3Inner, 2.5e-07
Test3Inner, 2.5e-07
Test3Inner, 2.5e-07
Test3Inner, 2.5e-07
Test3Inner, 2.5e-07
Test3Inner, 2.5e-07
Test3Inner, 2.5e-07
Test3Inner, 2.5e-07
Test3Inner, 2.5e-07
Test3Inner, 2.5e-07
Test3Inner, 2.5e-07
Test3Inner, 2.5e-07
Test3Inner, 2.5e-07
Test3Inner, 2.5e-07
Test3Inner, 2.5e-07
Test3Inner, 2.5e-07
Test3Inner, 2.5e-07
Test3Inner, 2.5e-07
Test3Inner, 2.5e-07
Test3Inner, 2.5e-07
Test3Inner, 2.5e-07
Test3Inner, 2.5e-07
Test3Inner, 2.5e-07
Test3Inner, 2.5e-07
Test3Inner, 2.5e-07
Test3Inner, 2.5e-07
Test3Inner, 2.5e-07
Test3Inner, 2.5e-07
Test3Inner, 2.5e-07
Test3Inner, 2.5e-07
Test3Inner, 2.5e-07
Test3Inner, 2.5e-07
Test3Inner, 2.5e-07
Test3Inner, 2.92e-07
Test3Inner, 2.91e-07
Test3Inner, 2.5e-07
Test3Inner, 2.5e-07
Test3Inner, 2.5e-07
Test3Inner, 2.5e-07
Test3Inner, 2.5e-07
Test3Inner, 2.5e-07
Test3Inner, 2.5e-07
Test3Inner, 2.5e-07
Test3Inner, 2.5e-07
Test3Inner, 2.5e-07
Test3Inner, 2.5e-07
Test3Inner, 2.5e-07
Test3Inner, 2.5e-07
Test3Inner, 2.5e-07
Test3Inner, 2.5e-07
Test3Inner, 2.5e-07
Test3Inner, 2.5e-07
Test3Inner, 2.5e-07
Test3Inner, 2.5e-07
Test3Inner, 2.5e-07
Test3Inner, 2.5e-07
Test3Inner, 2.5e-07
Test3Inner, 2.5e-07
Test3 Loop, 0.00133004
